Barcode,Sequence,Shannon entropy,Hamming+ distance
bc.001,wwyhwyyhmm,1.97,7
bc.002,whwmmhyhyy,1.97,7
bc.003,wwhhmwmmyw,1.85,7
bc.004,whyymmwmwm,1.85,7
bc.005,hwwmyhhmhw,1.85,7
bc.006,hmhyywhhym,1.85,7
bc.007,mmymwmwhhw,1.85,7
bc.008,myyhhmywyy,1.76,7
bc.009,hhyhwymmwy,1.97,6
bc.010,hymmywywhh,1.97,6
bc.011,ywwmhmhyyh,1.97,6
bc.012,yhmymhwwhy,1.97,6
bc.013,wmmhhywhyw,1.97,6
bc.014,hmmwhwmyyh,1.97,6
bc.015,myhhmmwwyh,1.97,6
bc.016,wwhhwwymym,1.92,6
bc.017,wwhhymmhhy,1.92,6
bc.018,wwywmmyhwh,1.92,6
bc.019,wwmmyhhymm,1.92,6
bc.020,whmymymyww,1.9,6
bc.021,hyhymyhwmm,1.9,6
bc.022,mmhwyywwmy,1.9,6
bc.023,ymwhmmhhww,1.9,6
bc.024,whwwhhyywm,1.85,6
bc.025,whwwmmwmyy,1.85,6
bc.026,whwmwyyhhw,1.85,6
bc.027,whhmhyhwyy,1.85,6
bc.028,whhyywwhwm,1.85,6
bc.029,wmwwywymmh,1.85,6
bc.030,wmmwwhmhwy,1.85,6
bc.031,hwyyhmmymy,1.85,6
bc.032,hmmyymwwym,1.85,6
bc.033,hmywmyhhyy,1.85,6
bc.034,mwyhwhhyhy,1.85,6
bc.035,mwmyhmwmwh,1.85,6
bc.036,myyhhyhhwm,1.85,6
bc.037,yywmwhymmy,1.85,6
bc.038,hhwhywhyhm,1.76,6
bc.039,whmmyyhyww,1.97,5
bc.040,wmhywhymyh,1.97,5
bc.041,wmhymyhwyw,1.97,5
bc.042,wywyhhmymm,1.97,5
bc.043,hmmwwhyywy,1.97,5
bc.044,hmywmywywh,1.97,5
bc.045,hywymhywwm,1.97,5
bc.046,hyywmhymhw,1.97,5
bc.047,mmhmyywhwy,1.97,5
bc.048,myyhwymwhh,1.97,5
bc.049,mymywhhwym,1.97,5
bc.050,yywhwmywhm,1.97,5
bc.051,whwmwyyhmh,1.97,5
bc.052,whwymmyhhw,1.97,5
bc.053,whhmymwmyh,1.97,5
bc.054,whmywmhmwy,1.97,5
bc.055,wmywywmhmh,1.97,5
bc.056,wmyhhmwhym,1.97,5
bc.057,wyhhywmmhm,1.97,5
bc.058,wyymwhhmhm,1.97,5
bc.059,hmhyymmwhw,1.97,5
bc.060,hmywwyhhmm,1.97,5
bc.061,hywwhmwyhm,1.97,5
bc.062,mwyyhmhhwm,1.97,5
bc.063,mhwwyywhhm,1.97,5
bc.064,mhhyyhwmmw,1.97,5
bc.065,mmhwyhhyww,1.97,5
bc.066,mhywwmyhwh,1.97,5
bc.067,ywmhmmhwhy,1.97,5
bc.068,yymmhhwwmw,1.97,5
bc.069,ymwhmyhmhw,1.97,5
bc.070,yyhmmwmhwh,1.97,5
bc.071,wwhhmwmyyw,1.92,5
bc.072,wwhhyhhmmy,1.92,5
bc.073,wwyywwmmhh,1.92,5
bc.074,whwwhwymmy,1.92,5
bc.075,whwhmywymw,1.92,5
bc.076,whhwyymyym,1.92,5
bc.077,wwmmymhhym,1.92,5
bc.078,hwwmwwmyyh,1.92,5
bc.079,hhmhhmyyww,1.92,5
bc.080,hhmmymmwwy,1.92,5
bc.081,hhwyhmhwmy,1.92,5
bc.082,hmhyywwyym,1.92,5
bc.083,hmwywmmhym,1.92,5
bc.084,hmhhwmhwyy,1.92,5
bc.085,hmymhhwwyh,1.92,5
bc.086,hywhmymwyy,1.92,5
bc.087,mhwhywmwyw,1.92,5
bc.088,mwwhyhyhmh,1.92,5
bc.089,mhwmmhmywy,1.92,5
bc.090,mywwhyhmyy,1.92,5
bc.091,mymhwhymmw,1.92,5
bc.092,ywmmhwyhmm,1.92,5
bc.093,yhmhymwmwm,1.92,5
bc.094,yywwmhhyym,1.92,5
bc.095,wwhwmyhyhy,1.9,5
bc.096,wwywhyyhhm,1.9,5
bc.097,whhyhyymww,1.9,5
bc.098,wwmhyywyhh,1.9,5
bc.099,wmyhhyywwh,1.9,5
bc.100,wyhyhmwywh,1.9,5
bc.101,hhmwmmyhyy,1.9,5
bc.102,hmyhyhmymw,1.9,5
bc.103,hhyymyhmwm,1.9,5
bc.104,mwymwyhwmy,1.9,5
bc.105,mmywhmhyhy,1.9,5
bc.106,ywmymwymhw,1.9,5
bc.107,yhmwyhwwhy,1.9,5
bc.108,whhmmywwhm,1.9,5
bc.109,wwmmhhmyhw,1.9,5
bc.110,wmmhwhwmhy,1.9,5
bc.111,wymwmmhhwh,1.9,5
bc.112,hhmwwhwmym,1.9,5
bc.113,mmwwmwhhyh,1.9,5
bc.114,ywwmwmhmhh,1.9,5
bc.115,wwhwhwhmym,1.85,5
bc.116,wwywmmywmh,1.85,5
bc.117,wwyhmwwhhy,1.85,5
bc.118,wwyhmmhmww,1.85,5
bc.119,wwymhwhywh,1.85,5
bc.120,wwymhymmyy,1.85,5
bc.121,whwwhmhyyh,1.85,5
bc.122,whhmhhywyy,1.85,5
bc.123,wwmwyhymwm,1.85,5
bc.124,wwmyhmyymy,1.85,5
bc.125,whymmhyymm,1.85,5
bc.126,whyywmwwmm,1.85,5
bc.127,wmwwmymwhh,1.85,5
bc.128,wmwwyhmmyw,1.85,5
bc.129,whmhwwhyhm,1.85,5
bc.130,wmhyhwwhmw,1.85,5
bc.131,hwwhymmwmm,1.85,5
bc.132,hwwmmyymmw,1.85,5
bc.133,hhmwwymhhw,1.85,5
bc.134,hhmwhywwmh,1.85,5
bc.135,hwyymwmymy,1.85,5
bc.136,hhwywymwwh,1.85,5
bc.137,hmmywwhwhh,1.85,5
bc.138,hmmyhwymyy,1.85,5
bc.139,hmyhwwmwwm,1.85,5
bc.140,hhymyywmhy,1.85,5
bc.141,hywhwwhmmh,1.85,5
bc.142,hymmwhyhyh,1.85,5
bc.143,hyyhhwywmy,1.85,5
bc.144,mwyhwhwyhw,1.85,5
bc.145,mwhhywyyhy,1.85,5
bc.146,mwmwmywhyw,1.85,5
bc.147,mwmyymmwyh,1.85,5
bc.148,mmymhwmhww,1.85,5
bc.149,mmwywhwwmh,1.85,5
bc.150,myyhmmywyw,1.85,5
bc.151,myymhhwhhy,1.85,5
bc.152,yhhwmmwwmw,1.85,5
bc.153,yhhyhwhymm,1.85,5
bc.154,yymyhyhmwh,1.85,5
bc.155,ymyywhhywh,1.85,5
bc.156,yhyhmwhmyy,1.85,5
bc.157,wwhwhmmwwy,1.76,5
bc.158,wwhhwwywmm,1.76,5
bc.159,wwywhhwmmw,1.76,5
bc.160,whwmwwmwhy,1.76,5
bc.161,whyyhhmhwh,1.76,5
bc.162,wmmhmymywm,1.76,5
bc.163,wyymymyyhh,1.76,5
bc.164,hwwmmwhwwy,1.76,5
bc.165,hyywyymmyh,1.76,5
bc.166,mmhmwwmmyy,1.76,5
bc.167,mmhmmwyymw,1.76,5
bc.168,mmwmhywymm,1.76,5
bc.169,ywhmwmmymm,1.76,5
bc.170,yymyhhwmwm,1.97,4
bc.171,wwymmhyhyw,1.97,4
bc.172,whwhyymhym,1.97,4
bc.173,whwmyhwymy,1.97,4
bc.174,whwymymymh,1.97,4
bc.175,whhmmymwyy,1.97,4
bc.176,whhmyymyww,1.97,4
bc.177,whhywyymmh,1.97,4
bc.178,whhyhmmywy,1.97,4
bc.179,wwhymymyhw,1.97,4
bc.180,whymywmhyw,1.97,4
bc.181,whymyywmwh,1.97,4
bc.182,whyyhwmwmy,1.97,4
bc.183,wmwhhmyywy,1.97,4
bc.184,wmwmyyhymh,1.97,4
bc.185,whmymhymwy,1.97,4
bc.186,whyhwmmyyh,1.97,4
bc.187,wmhwymyhwy,1.97,4
bc.188,wmmwhymyyh,1.97,4
bc.189,wmmywyhhyh,1.97,4
bc.190,wmyhymywhm,1.97,4
bc.191,wmymyhhwyw,1.97,4
bc.192,wywmmhhwyy,1.97,4
bc.193,wywymymhhm,1.97,4
bc.194,wyhmwmyyhh,1.97,4
bc.195,wyhmhmwyyw,1.97,4
bc.196,wyhymhmywh,1.97,4
bc.197,wymwhyhwmy,1.97,4
bc.198,wymhhyymww,1.97,4
bc.199,wymhmhwywy,1.97,4
bc.200,wyywyhmmwh,1.97,4
bc.201,wyyhywmhmm,1.97,4
bc.202,wyymhhmyhw,1.97,4
bc.203,hwwhwyymym,1.97,4
bc.204,hwyymhhwmy,1.97,4
bc.205,hwyymmhyww,1.97,4
bc.206,hhwmhyywmy,1.97,4
bc.207,hmmwyyhywm,1.97,4
bc.208,hmmywyywmh,1.97,4
bc.209,hmywwmwyyh,1.97,4
bc.210,hmywhwyhmy,1.97,4
bc.211,hmywhymyww,1.97,4
bc.212,hmyhwwmyhy,1.97,4
bc.213,hmyhwymwyw,1.97,4
bc.214,hmwmwyhyhy,1.97,4
bc.215,hwhmymyyww,1.97,4
bc.216,hhywmyymwm,1.97,4
bc.217,hywwywmhmy,1.97,4
bc.218,hywhwwmmyy,1.97,4
bc.219,hywhmmwymy,1.97,4
bc.220,hymmwyymwh,1.97,4
bc.221,hymywmyhwm,1.97,4
bc.222,hymyywhwwm,1.97,4
bc.223,hyyhhwwmym,1.97,4
bc.224,mwywhmhyyw,1.97,4
bc.225,mwywhyymhw,1.97,4
bc.226,mwywywmhyh,1.97,4
bc.227,mwywyhhywm,1.97,4
bc.228,mwyhwwhmyy,1.97,4
bc.229,mwymyhwwhy,1.97,4
bc.230,mwyywwmyhh,1.97,4
bc.231,hyhwwymymw,1.97,4
bc.232,hyhwhwmyym,1.97,4
bc.233,mhhwywmmyy,1.97,4
bc.234,mwmwhwyhyy,1.97,4
bc.235,mhmywwyywh,1.97,4
bc.236,mhyhwmywwy,1.97,4
bc.237,mywwhhyymm,1.97,4
bc.238,myyhmyhmww,1.97,4
bc.239,ywwhmyhmwy,1.97,4
bc.240,ywwmwyymhh,1.97,4
bc.241,myhywwmwyh,1.97,4
bc.242,mymwhywywh,1.97,4
bc.243,ywmymhwmyh,1.97,4
bc.244,ywywwhhmym,1.97,4
bc.245,ywywmmhmhy,1.97,4
bc.246,ywyhwymhwm,1.97,4
bc.247,ywhyhwymmh,1.97,4
bc.248,ywhymyhwwm,1.97,4
bc.249,yhwwymwyhm,1.97,4
bc.250,yhwyhwywmm,1.97,4
bc.251,yhwymmwwyh,1.97,4
bc.252,yhhmyyhwmw,1.97,4
bc.253,yhmwwmhwyy,1.97,4
bc.254,yhmhwhyymw,1.97,4
bc.255,yhmmhmyyww,1.97,4
bc.256,yhmymwhhwy,1.97,4
bc.257,yymywwhmhw,1.97,4
bc.258,ymymhwhyww,1.97,4
bc.259,yywwhmhymw,1.97,4
bc.260,yhyhmymwwh,1.97,4
bc.261,ymwhwyhymm,1.97,4
bc.262,ymhwwywmyh,1.97,4
bc.263,ymhwymwwhy,1.97,4
bc.264,ymmwyhywhw,1.97,4
bc.265,yyhhwmwymm,1.97,4
bc.266,yyhhwyhmwm,1.97,4
bc.267,yyhmmhywmw,1.97,4
bc.268,wwhwmhyyhm,1.97,4
bc.269,wwyhhmwmmy,1.97,4
bc.270,wwyhhymmwh,1.97,4
bc.271,wwyywmmhhm,1.97,4
bc.272,whwhwyhmmy,1.97,4
bc.273,whwhmywyhm,1.97,4
bc.274,whhmyhywmm,1.97,4
bc.275,whmwhwyymh,1.97,4
bc.276,wwmhmyyhwm,1.97,4
bc.277,wwmmymhywh,1.97,4
bc.278,wwmyywmhmh,1.97,4
bc.279,whymmhmhwy,1.97,4
bc.280,wmwwhyymmh,1.97,4
bc.281,wmwwymmyhh,1.97,4
bc.282,wmwhyhyhmw,1.97,4
bc.283,whmhymmwyw,1.97,4
bc.284,wmhywhhmym,1.97,4
bc.285,wmhyhmwymh,1.97,4
bc.286,wmmhhymwhy,1.97,4
bc.287,wmmyyhmwwh,1.97,4
bc.288,wmywywhmhm,1.97,4
bc.289,wmyhhwhmyw,1.97,4
bc.290,wmyhyhmmhw,1.97,4
bc.291,wywhymwhmh,1.97,4
bc.292,wywmhwmymh,1.97,4
bc.293,wywmmhymwh,1.97,4
bc.294,wyhmwhmmhy,1.97,4
bc.295,wymwymhwhh,1.97,4
bc.296,hwwhhmwyym,1.97,4
bc.297,hwwhyhwmmy,1.97,4
bc.298,hwwmhhmymy,1.97,4
bc.299,hwwmmhhyyw,1.97,4
bc.300,hwwmymmwyh,1.97,4
bc.301,hhmwwywmym,1.97,4
bc.302,hhmwmmywwy,1.97,4
bc.303,hhmwymwywh,1.97,4
bc.304,hhmwyywhmw,1.97,4
bc.305,hhmmwwymhy,1.97,4
bc.306,hhmmwmywyh,1.97,4
bc.307,hhmmywwmyh,1.97,4
bc.308,hhmywhmwym,1.97,4
bc.309,hwyyhhmmwm,1.97,4
bc.310,hwyyhmwhmw,1.97,4
bc.311,hhwwhywymm,1.97,4
bc.312,hhwwmmwmyy,1.97,4
bc.313,hmhyywwmmh,1.97,4
bc.314,hmmwhhwywy,1.97,4
bc.315,hmmhwwhyyw,1.97,4
bc.316,hmmhywhwmy,1.97,4
bc.317,hmmyhywwhm,1.97,4
bc.318,hmmymwhwyh,1.97,4
bc.319,hmywwhmmwy,1.97,4
bc.320,hmywmyhmhw,1.97,4
bc.321,hmyhhywmmw,1.97,4
bc.322,hmyhmmhwwy,1.97,4
bc.323,hmwhmywmyh,1.97,4
bc.324,hmhmmwyyhw,1.97,4
bc.325,hwwymhmmhy,1.97,4
bc.326,hwhmwhymmy,1.97,4
bc.327,hwhmwmyhym,1.97,4
bc.328,hwhywwymhm,1.97,4
bc.329,hhyhmwwymm,1.97,4
bc.330,hwmmwhyyhm,1.97,4
bc.331,hwmmhmwyhy,1.97,4
bc.332,hmymwwyhhm,1.97,4
bc.333,hmymyhwwmh,1.97,4
bc.334,hywmhhymmw,1.97,4
bc.335,hywmmwwyhh,1.97,4
bc.336,hywmmyhwmh,1.97,4
bc.337,hywymwwhmm,1.97,4
bc.338,hymymhwwhw,1.97,4
bc.339,hyywhmwmhw,1.97,4
bc.340,hyymwhmhwm,1.97,4
bc.341,hyymmwmwwh,1.97,4
bc.342,mwyymhwhmh,1.97,4
bc.343,mwwyhmhhwy,1.97,4
bc.344,mwwyywhmmh,1.97,4
bc.345,hyhwmmhwym,1.97,4
bc.346,hyhhmwwmwy,1.97,4
bc.347,mhwmmywywh,1.97,4
bc.348,mhhwywyhmw,1.97,4
bc.349,mhhmyhwwyw,1.97,4
bc.350,mhhywhmywm,1.97,4
bc.351,mhhymwywmh,1.97,4
bc.352,mhhymmwhwy,1.97,4
bc.353,mhhyywmwhm,1.97,4
bc.354,mwhmmwyhyh,1.97,4
bc.355,mwhmmhhywy,1.97,4
bc.356,mwhyhwhwym,1.97,4
bc.357,mwmhyhmhyw,1.97,4
bc.358,mwmmhyywwh,1.97,4
bc.359,mwmywhhwyh,1.97,4
bc.360,mmhwywywhh,1.97,4
bc.361,mmhhwmyywh,1.97,4
bc.362,mmhmhywyww,1.97,4
bc.363,mhywwmhhmy,1.97,4
bc.364,mhywyhmwhw,1.97,4
bc.365,mhymwhhymw,1.97,4
bc.366,mmywhmhwhy,1.97,4
bc.367,mmyywhhmwh,1.97,4
bc.368,mywwmmhyhh,1.97,4
bc.369,mywwyhhwhm,1.97,4
bc.370,myymwhmwhh,1.97,4
bc.371,myymmhwhww,1.97,4
bc.372,ywwhhmywmh,1.97,4
bc.373,mymwwhwhyh,1.97,4
bc.374,myywmhwmhh,1.97,4
bc.375,ywmmwhmhhy,1.97,4
bc.376,ywymmhhmww,1.97,4
bc.377,yhwwmymhwm,1.97,4
bc.378,yhwhmwmhmy,1.97,4
bc.379,yhwmhwymwh,1.97,4
bc.380,yhwywwmmhh,1.97,4
bc.381,yhhwwhwmmy,1.97,4
bc.382,yhhmhmwwmy,1.97,4
bc.383,yhmhmywmhw,1.97,4
bc.384,ymymwmwhwh,1.97,4
bc.385,yhyhmmwhmw,1.97,4
bc.386,ymwwhhmmhy,1.97,4
bc.387,ymwhhymwmw,1.97,4
bc.388,ymwhyhmwwm,1.97,4
bc.389,ymhwmhywwm,1.97,4
bc.390,ymhhmwwyhm,1.97,4
bc.391,ymmhwhhwym,1.97,4
bc.392,ymmhhwwmhy,1.97,4
bc.393,yyhwhmmwwm,1.97,4
bc.394,wwhhwmyymw,1.92,4
bc.395,wwhhyywmmw,1.92,4
bc.396,wwywhhmmyw,1.92,4
bc.397,wwywmmwhyh,1.92,4
bc.398,wwyhmhyymy,1.92,4
bc.399,wwyhmyhhmh,1.92,4
bc.400,wwyhymmhyy,1.92,4
bc.401,wwymhwhmwy,1.92,4
bc.402,wwymhhywwm,1.92,4
bc.403,wwymmywwhh,1.92,4
bc.404,whwwyyhmwm,1.92,4
bc.405,whwhmmyhhy,1.92,4
bc.406,whwmwhmyyw,1.92,4
bc.407,whwmhyhmyh,1.92,4
bc.408,whwyhymwwm,1.92,4
bc.409,whhwwymmwy,1.92,4
bc.410,whhmwwyywm,1.92,4
bc.411,whhymyhhmw,1.92,4
bc.412,whhyywymym,1.92,4
bc.413,wwhmywwmhy,1.92,4
bc.414,wwmwymyhhw,1.92,4
bc.415,wwmmwyhhwy,1.92,4
bc.416,wwmyyhhyym,1.92,4
bc.417,whymmwhmym,1.92,4
bc.418,whyyhmyymw,1.92,4
bc.419,wmwhwhwyym,1.92,4
bc.420,wmwhywmhwy,1.92,4
bc.421,wmwmhyywhw,1.92,4
bc.422,wmhhwmhyhy,1.92,4
bc.423,wmhmywhwwy,1.92,4
bc.424,wmhyhhyhwm,1.92,4
bc.425,wywhhyhhmm,1.92,4
bc.426,wyhmmywmmh,1.92,4
bc.427,wymhmmwhym,1.92,4
bc.428,wymmywhyhy,1.92,4
bc.429,wymyymhhwy,1.92,4
bc.430,wyyhmmwwhw,1.92,4
bc.431,hhmwhwhmyy,1.92,4
bc.432,hhmwmwwyyw,1.92,4
bc.433,hhmmhhwwyy,1.92,4
bc.434,hhwwymhhym,1.92,4
bc.435,hhwmhwyhym,1.92,4
bc.436,hhwyyhwmhm,1.92,4
bc.437,hmhyymmwwm,1.92,4
bc.438,hmmwwmhymy,1.92,4
bc.439,hmmwyhmmyw,1.92,4
bc.440,hmmhyhwyhw,1.92,4
bc.441,hmyhwhhywm,1.92,4
bc.442,hmyhmwywhh,1.92,4
bc.443,hmwyhmyhwh,1.92,4
bc.444,hmhhmywwhy,1.92,4
bc.445,hwmwyhwwym,1.92,4
bc.446,hhyhymhmww,1.92,4
bc.447,hhymwmwmmy,1.92,4
bc.448,hhymwymhhw,1.92,4
bc.449,hmwwymymhm,1.92,4
bc.450,hwmywmmymh,1.92,4
bc.451,hwmyywwmhw,1.92,4
bc.452,hwymywhmhh,1.92,4
bc.453,hywwmwhywm,1.92,4
bc.454,hywwmymyhy,1.92,4
bc.455,hymmhwywmm,1.92,4
bc.456,mwyhwwywmh,1.92,4
bc.457,mwyhwhyhhm,1.92,4
bc.458,mwyhyhymwy,1.92,4
bc.459,mhwmhhyyhw,1.92,4
bc.460,mwwhhwwymy,1.92,4
bc.461,mwwhmywhyw,1.92,4
bc.462,mwwmymyhmh,1.92,4
bc.463,mwhwyymyhy,1.92,4
bc.464,hyhmhwwhmy,1.92,4
bc.465,mhwmywhymm,1.92,4
bc.466,mhwmyymhmw,1.92,4
bc.467,mhwyhhmwyh,1.92,4
bc.468,mhhwhmwyyh,1.92,4
bc.469,mhhywwhmhy,1.92,4
bc.470,mhmwhyywmm,1.92,4
bc.471,mmhwyhmymw,1.92,4
bc.472,mmhhmwmwyy,1.92,4
bc.473,mmhywwyhmm,1.92,4
bc.474,mhmhhwywyh,1.92,4
bc.475,mhmyywwhww,1.92,4
bc.476,mhyhmwwhyh,1.92,4
bc.477,mhymhyywyw,1.92,4
bc.478,mmyhhwyhhw,1.92,4
bc.479,mmyhyywhwy,1.92,4
bc.480,mmymhhmwwy,1.92,4
bc.481,mmyyhhyyww,1.92,4
bc.482,mywwhhwmyw,1.92,4
bc.483,mywwmwwhhy,1.92,4
bc.484,mmwwyyhhww,1.92,4
bc.485,mmwhmwymhy,1.92,4
bc.486,mmwmyhwyhm,1.92,4
bc.487,ywwhymmhmm,1.92,4
bc.488,mywhhwywmw,1.92,4
bc.489,mywhywyhym,1.92,4
bc.490,myhhmhwyhw,1.92,4
bc.491,myhmmymwhw,1.92,4
bc.492,myhyhyywwm,1.92,4
bc.493,mymwyyhyhw,1.92,4
bc.494,mymmwhyhmw,1.92,4
bc.495,myywhyhwym,1.92,4
bc.496,ywmywmyhyh,1.92,4
bc.497,ywyhmyywhm,1.92,4
bc.498,ywhwywhmmw,1.92,4
bc.499,ywhmmwhwyw,1.92,4
bc.500,ywmwmhwhwy,1.92,4
bc.501,yhhwhmmyhw,1.92,4
bc.502,yhhywwmwmw,1.92,4
bc.503,yhmmwwhhyh,1.92,4
bc.504,yymmhwwyyh,1.92,4
bc.505,yymywhywhm,1.92,4
bc.506,yywhymymwh,1.92,4
bc.507,ymwwmwyhhw,1.92,4
bc.508,ymmwywmhhm,1.92,4
bc.509,yyhhmwmwhh,1.92,4
bc.510,wwywhymymm,1.9,4
bc.511,wwyhhwyhym,1.9,4
bc.512,wwymwhhyyh,1.9,4
bc.513,wwymwyyhmm,1.9,4
bc.514,wwymyhwmym,1.9,4
bc.515,wwyymhmwym,1.9,4
bc.516,whwwhhymyy,1.9,4
bc.517,whwywmhhyy,1.9,4
bc.518,wwmhmwymyy,1.9,4
bc.519,whyywwhymh,1.9,4
bc.520,whyymywwmm,1.9,4
bc.521,wmwwmyhyym,1.9,4
bc.522,wmwmymwhyy,1.9,4
bc.523,wmwywmymhy,1.9,4
bc.524,whmwyhywyh,1.9,4
bc.525,whmmyhhmyy,1.9,4
bc.526,wmhywyyhhw,1.9,4
bc.527,wmhyymmhyh,1.9,4
bc.528,wmywwmhmyy,1.9,4
bc.529,wmyhwyymwm,1.9,4
bc.530,wmyhhywwyh,1.9,4
bc.531,wmymhwwymy,1.9,4
bc.532,wmyymhywmw,1.9,4
bc.533,wywyhhmhwy,1.9,4
bc.534,wyhwmhwhyy,1.9,4
bc.535,wyhhmhymym,1.9,4
bc.536,wyhhyymmhm,1.9,4
bc.537,wyhyyhwwhm,1.9,4
bc.538,wyyhmwhwyh,1.9,4
bc.539,hwwhymhywy,1.9,4
bc.540,hhmhmyywym,1.9,4
bc.541,hwyymwwhhy,1.9,4
bc.542,hhwywwhyym,1.9,4
bc.543,hmhyywhyww,1.9,4
bc.544,hmmwmyhhyy,1.9,4
bc.545,hmywymmhhy,1.9,4
bc.546,hmwmywymwy,1.9,4
bc.547,hmwyhhymym,1.9,4
bc.548,hmhhwmymyy,1.9,4
bc.549,hwhwmyyhwy,1.9,4
bc.550,hwhmhwywyy,1.9,4
bc.551,hwywmhywyh,1.9,4
bc.552,hwymmywmwy,1.9,4
bc.553,hwyywhwhym,1.9,4
bc.554,hmymhhwyym,1.9,4
bc.555,hywwhyyhwm,1.9,4
bc.556,hywmyymmhh,1.9,4
bc.557,hyymhymwhm,1.9,4
bc.558,mwywmwhymy,1.9,4
bc.559,mwyhmmwwyy,1.9,4
bc.560,mhwwyhwhyy,1.9,4
bc.561,mhwhymhmyy,1.9,4
bc.562,mhwhyywwyh,1.9,4
bc.563,mwwmwmyyhy,1.9,4
bc.564,mhwywymwmy,1.9,4
bc.565,mhhmhwyymy,1.9,4
bc.566,mwhywymmyw,1.9,4
bc.567,mmhymhywhy,1.9,4
bc.568,mmymhwhhyy,1.9,4
bc.569,mmymyyhwhh,1.9,4
bc.570,myymwyhhmh,1.9,4
bc.571,ywwhywhyhm,1.9,4
bc.572,mywmyhwmwy,1.9,4
bc.573,myhyyhhmwm,1.9,4
bc.574,mymwywhmwy,1.9,4
bc.575,mymhwmyhhy,1.9,4
bc.576,ywmhhmmyyh,1.9,4
bc.577,ywmhyyhmmh,1.9,4
bc.578,ywmmhhyymh,1.9,4
bc.579,ywmmhywywm,1.9,4
bc.580,ywmmyymhww,1.9,4
bc.581,ywmyhhmhym,1.9,4
bc.582,ywmymmwwhy,1.9,4
bc.583,ywmyywhwhh,1.9,4
bc.584,yhwhmyymmh,1.9,4
bc.585,yhhwmmhymy,1.9,4
bc.586,yymmywwhwm,1.9,4
bc.587,yymyhmmhhw,1.9,4
bc.588,ymyyhmwhhm,1.9,4
bc.589,yywhwhwhmy,1.9,4
bc.590,yywymhhmhm,1.9,4
bc.591,yhmyymwhmh,1.9,4
bc.592,ymwmhmyyhh,1.9,4
bc.593,ymwmywhmyw,1.9,4
bc.594,ymhmymhyhw,1.9,4
bc.595,ymhyhhmwmy,1.9,4
bc.596,yyhwmmwmyw,1.9,4
bc.597,yyhywhwwmh,1.9,4
bc.598,yymwhwhhyw,1.9,4
bc.599,wwhhmmhmyw,1.9,4
bc.600,whhmwmwmyh,1.9,4
bc.601,whhmmywhwm,1.9,4
bc.602,wmhwwymhmh,1.9,4
bc.603,whmywmmhwh,1.9,4
bc.604,wmywhmhhwm,1.9,4
bc.605,wyhmwhwhmm,1.9,4
bc.606,wymhwhhmmw,1.9,4
bc.607,hhmhmwymww,1.9,4
bc.608,hhwmmyhmww,1.9,4
bc.609,hmmwmhyhww,1.9,4
bc.610,hwhhywmwmm,1.9,4
bc.611,hywhwmmhmw,1.9,4
bc.612,mwyhhmhwwm,1.9,4
bc.613,mhwhyhmmww,1.9,4
bc.614,mwwhhymwhm,1.9,4
bc.615,mwwyhmwmhh,1.9,4
bc.616,myhmwwhhwm,1.9,4
bc.617,mymhwwmhwh,1.9,4
bc.618,ywmhmwwhmh,1.9,4
bc.619,ywhmhwmwhm,1.9,4
bc.620,yhwmwhhmwm,1.9,4
bc.621,ymhmwhmhww,1.9,4
bc.622,wwhwwhmhym,1.85,4
bc.623,wwhwhhywmy,1.85,4
bc.624,wwhwhmymhh,1.85,4
bc.625,wwhwyywhhm,1.85,4
bc.626,wwhhwhwmyy,1.85,4
bc.627,wwhhwymwyh,1.85,4
bc.628,wwhhmhmwhy,1.85,4
bc.629,wwhhywmyhh,1.85,4
bc.630,wwhhyhwywm,1.85,4
bc.631,wwywwyhmhh,1.85,4
bc.632,wwywhwmhhy,1.85,4
bc.633,wwyhwhmhmw,1.85,4
bc.634,wwyhmwmywm,1.85,4
bc.635,wwymmwymmh,1.85,4
bc.636,wwyyhhymhy,1.85,4
bc.637,whwwhwmyhm,1.85,4
bc.638,whwwmmyymm,1.85,4
bc.639,whwwywymhh,1.85,4
bc.640,whwhhmwwyy,1.85,4
bc.641,whwhhymmhw,1.85,4
bc.642,whwhmhwmyw,1.85,4
bc.643,whwmwhywhy,1.85,4
bc.644,whwmmwmmhy,1.85,4
bc.645,whwmymhhww,1.85,4
bc.646,whwmymmwhm,1.85,4
bc.647,whwywwmhmm,1.85,4
bc.648,whhwwmhyyw,1.85,4
bc.649,whhwhywwym,1.85,4
bc.650,whhmwwhhmy,1.85,4
bc.651,whhmwyhmhw,1.85,4
bc.652,whhmhhwmwy,1.85,4
bc.653,whhmywhyyh,1.85,4
bc.654,whhywhwymw,1.85,4
bc.655,whhymwyyhy,1.85,4
bc.656,whhyymhwhy,1.85,4
bc.657,whmwwhyhhm,1.85,4
bc.658,wwhmhmhwyh,1.85,4
bc.659,wwhmymmyym,1.85,4
bc.660,wwhyyhmhww,1.85,4
bc.661,wwhyymymmy,1.85,4
bc.662,wwmwwhhyhy,1.85,4
bc.663,wwmwhmmwyy,1.85,4
bc.664,wwmwyhmmhm,1.85,4
bc.665,wwmhwhyywh,1.85,4
bc.666,wwmhwywymm,1.85,4
bc.667,wwmhyhwhhy,1.85,4
bc.668,wwmmhwymhm,1.85,4
bc.669,wwmmyhymmw,1.85,4
bc.670,wwmyhwwyhh,1.85,4
bc.671,wwmyhmhwmm,1.85,4
bc.672,wwmyymmyhy,1.85,4
bc.673,whymmhyyhh,1.85,4
bc.674,whymyyhyhm,1.85,4
bc.675,whyywhhwwm,1.85,4
bc.676,whyywhmyhy,1.85,4
bc.677,whyywmwwhh,1.85,4
bc.678,whyymwmmww,1.85,4
bc.679,wmwwmmhhmy,1.85,4
bc.680,wmwhmwhyhh,1.85,4
bc.681,wmwmhhmwym,1.85,4
bc.682,wmwmymywwh,1.85,4
bc.683,wmwyhwmwhh,1.85,4
bc.684,wmwyyhmmyy,1.85,4
bc.685,wmhwmwhhyh,1.85,4
bc.686,whmwmhmywm,1.85,4
bc.687,whmwymwwmy,1.85,4
bc.688,whmhwwmmym,1.85,4
bc.689,whmhhyyhmy,1.85,4
bc.690,wmhwmymmyw,1.85,4
bc.691,wmhhwwmymm,1.85,4
bc.692,wmhhwhywmh,1.85,4
bc.693,wmhhmhhyww,1.85,4
bc.694,wmhmwywwhm,1.85,4
bc.695,wmhmhwymmw,1.85,4
bc.696,wmhmmyymhy,1.85,4
bc.697,wmhymwhwhw,1.85,4
bc.698,wmhymmymww,1.85,4
bc.699,wmmwywhymw,1.85,4
bc.700,wmmhhmywmw,1.85,4
bc.701,wmmhmyhymy,1.85,4
bc.702,wmmhyhwwmm,1.85,4
bc.703,wmmhyywmyy,1.85,4
bc.704,wmmywhwmmh,1.85,4
bc.705,wmmyhwhhww,1.85,4
bc.706,wmywwhyhwh,1.85,4
bc.707,wmywyhymmy,1.85,4
bc.708,wmyhwhwwhy,1.85,4
bc.709,wmymwwmmhh,1.85,4
bc.710,wmymwmhhmw,1.85,4
bc.711,wywwhmhhyh,1.85,4
bc.712,wywwmwmmyh,1.85,4
bc.713,wywwmmymhw,1.85,4
bc.714,wywmhwwhhm,1.85,4
bc.715,wywmmyyhmy,1.85,4
bc.716,wyhwmhmwmm,1.85,4
bc.717,wyhhwwywhm,1.85,4
bc.718,wyhhmyhhwy,1.85,4
bc.719,wyhmhwmhww,1.85,4
bc.720,wyhmyhyhhw,1.85,4
bc.721,wyhywwmmwm,1.85,4
bc.722,wymwhmmyww,1.85,4
bc.723,wymhyhymhh,1.85,4
bc.724,wymhyyhhyw,1.85,4
bc.725,wymmwhhwwh,1.85,4
bc.726,wymmhwmmyy,1.85,4
bc.727,wymmyhyywm,1.85,4
bc.728,wymymmwwmh,1.85,4
bc.729,hwwhhyhymw,1.85,4
bc.730,hwwhmmymmw,1.85,4
bc.731,hwwhmyywwh,1.85,4
bc.732,hwwmwhwmyh,1.85,4
bc.733,hwwmywhhmw,1.85,4
bc.734,hhmwwmwhhy,1.85,4
bc.735,hhmwwmymmw,1.85,4
bc.736,hhmhhymyyw,1.85,4
bc.737,hhmhywmhyy,1.85,4
bc.738,hhmhywyyhm,1.85,4
bc.739,hhmmyhyhyw,1.85,4
bc.740,hhmmyymmwy,1.85,4
bc.741,hhmyhwmwwh,1.85,4
bc.742,hhmyhyymhw,1.85,4
bc.743,hwyyhmymyh,1.85,4
bc.744,hhwwyymyyh,1.85,4
bc.745,hhwhwwmymh,1.85,4
bc.746,hhwhmywwmw,1.85,4
bc.747,hhwywhymwh,1.85,4
bc.748,hhwywmwyhw,1.85,4
bc.749,hhwyhwwmwy,1.85,4
bc.750,hhwymymhyy,1.85,4
bc.751,hhwyymmymm,1.85,4
bc.752,hmhyyhwwyy,1.85,4
bc.753,hmmwwywhwh,1.85,4
bc.754,hmmywmmwhw,1.85,4
bc.755,hmmyhmywyy,1.85,4
bc.756,hmmymywmww,1.85,4
bc.757,hmywwmywmm,1.85,4
bc.758,hmywmwwmwh,1.85,4
bc.759,hmyhhmwhyy,1.85,4
bc.760,hmwmhymmyy,1.85,4
bc.761,hmwywwhhmh,1.85,4
bc.762,hmwywmhmwm,1.85,4
bc.763,hmhwyhwhwm,1.85,4
bc.764,hmhhyymywh,1.85,4
bc.765,hwhywhmwwy,1.85,4
bc.766,hwhymwmhwh,1.85,4
bc.767,hhywmwhwhm,1.85,4
bc.768,hhyhhwywwm,1.85,4
bc.769,hhymhwwywh,1.85,4
bc.770,hhymyhywwy,1.85,4
bc.771,hwmymhyhyy,1.85,4
bc.772,hwymyywymm,1.85,4
bc.773,hwymyymmyw,1.85,4
bc.774,hmymwmyywy,1.85,4
bc.775,hmyyhwmhyh,1.85,4
bc.776,hywwhwhmmh,1.85,4
bc.777,hywwmhmhwh,1.85,4
bc.778,hywwyhhmww,1.85,4
bc.779,hywhwhhwmm,1.85,4
bc.780,hywhhmmwwh,1.85,4
bc.781,hywhyhmyhm,1.85,4
bc.782,hywmhwhwwy,1.85,4
bc.783,hywyhhwymh,1.85,4
bc.784,hymmymwymw,1.85,4
bc.785,hymywwhhyy,1.85,4
bc.786,hyywmhmmym,1.85,4
bc.787,hyyhwywyhm,1.85,4
bc.788,hyyhhmywyw,1.85,4
bc.789,mwywmmyhww,1.85,4
bc.790,mwywyhwmmw,1.85,4
bc.791,mwyhyhwyyh,1.85,4
bc.792,mwyhymmyhm,1.85,4
bc.793,mwymwmymwh,1.85,4
bc.794,mwymhymhmy,1.85,4
bc.795,mwymmwywhw,1.85,4
bc.796,mwymymwhwm,1.85,4
bc.797,mhwwhyyhhy,1.85,4
bc.798,mhwwmwymyw,1.85,4
bc.799,mhwwmhmwwy,1.85,4
bc.800,mhwwymywwm,1.85,4
bc.801,mhwhwhwmhy,1.85,4
bc.802,mhwhwhywyw,1.85,4
bc.803,mhwhhyhyym,1.85,4
bc.804,mwwmhmmywh,1.85,4
bc.805,mwwmhywmym,1.85,4
bc.806,mwwyhyyhyh,1.85,4
bc.807,mwwymhymww,1.85,4
bc.808,mwwyymmwhw,1.85,4
bc.809,mwhwyyhwwh,1.85,4
bc.810,mwhhwmmwmy,1.85,4
bc.811,mwhhwywhhy,1.85,4
bc.812,mwhhwyhyww,1.85,4
bc.813,hyhwwmmwhh,1.85,4
bc.814,hyhwmmymmy,1.85,4
bc.815,hyhhwhymww,1.85,4
bc.816,hyhmmymywm,1.85,4
bc.817,hyhmymhhyw,1.85,4
bc.818,hyhyhyhwmw,1.85,4
bc.819,hymwmwwmhm,1.85,4
bc.820,hymhhmwhww,1.85,4
bc.821,hymmwwmyww,1.85,4
bc.822,mhwymhwhhw,1.85,4
bc.823,mhhwwmywhw,1.85,4
bc.824,mhhwymwmww,1.85,4
bc.825,mhhywmhwwh,1.85,4
bc.826,mwmhwmwywy,1.85,4
bc.827,mwmhmwmyhw,1.85,4
bc.828,mwmmymhwyy,1.85,4
bc.829,mwmywmwhhw,1.85,4
bc.830,mmhwyywyym,1.85,4
bc.831,mmhmwwmywy,1.85,4
bc.832,mmhmyywwmy,1.85,4
bc.833,mmhywyymwy,1.85,4
bc.834,mmhymyhyyw,1.85,4
bc.835,mhmyhwmyym,1.85,4
bc.836,mhywyywyhh,1.85,4
bc.837,mhymwhmmyy,1.85,4
bc.838,mmywwhwwym,1.85,4
bc.839,mmywhywmwm,1.85,4
bc.840,mmyhymwwmw,1.85,4
bc.841,mmyywmwyhy,1.85,4
bc.842,mmyyhwhymm,1.85,4
bc.843,mmyyhhwmyy,1.85,4
bc.844,mmyymymhww,1.85,4
bc.845,mhyymyhywm,1.85,4
bc.846,mmwmwwymyh,1.85,4
bc.847,myyhwymwmm,1.85,4
bc.848,myyhwyymhh,1.85,4
bc.849,myyhhwhywh,1.85,4
bc.850,myyhhmmymw,1.85,4
bc.851,myyhhywwhy,1.85,4
bc.852,myymwmhmyw,1.85,4
bc.853,ywwhwmhmhw,1.85,4
bc.854,ywwhmwwmym,1.85,4
bc.855,ywwmhhyhyy,1.85,4
bc.856,ywwmhmwhhw,1.85,4
bc.857,ywwmmywhmm,1.85,4
bc.858,mywhwmmywm,1.85,4
bc.859,mywmhmmhyy,1.85,4
bc.860,mywmmyhhym,1.85,4
bc.861,myhwwyhyyh,1.85,4
bc.862,myhhwhhwwy,1.85,4
bc.863,myhyhmwmym,1.85,4
bc.864,ywmhhyhwhw,1.85,4
bc.865,ywmhmhhwwh,1.85,4
bc.866,ywmyhyhhmy,1.85,4
bc.867,ywhwyhmyyh,1.85,4
bc.868,ywhhmymymy,1.85,4
bc.869,ywhyymhhwh,1.85,4
bc.870,yhwhwmwywh,1.85,4
bc.871,yhwyymyhhw,1.85,4
bc.872,yhhwhwhywm,1.85,4
bc.873,yhhmwhywwh,1.85,4
bc.874,yhhmwyhyym,1.85,4
bc.875,yhhyhywmyw,1.85,4
bc.876,yhmwmwmwmh,1.85,4
bc.877,yhmhhywhym,1.85,4
bc.878,yhmmwywwmm,1.85,4
bc.879,yhmywmmyhm,1.85,4
bc.880,yymmhmywhy,1.85,4
bc.881,yymmhyhhwh,1.85,4
bc.882,yymmyhwmyw,1.85,4
bc.883,ymymwhmymh,1.85,4
bc.884,ymymhyyhwm,1.85,4
bc.885,ymymywhhmm,1.85,4
bc.886,ymyywhhyhw,1.85,4
bc.887,ymyyhwmmwy,1.85,4
bc.888,yywhhwmyhy,1.85,4
bc.889,yywhmymmyw,1.85,4
bc.890,yywmwhhyhh,1.85,4
bc.891,yywmhywmmy,1.85,4
bc.892,yhywhwyhhm,1.85,4
bc.893,yhymywymmw,1.85,4
bc.894,ymwwhywwhh,1.85,4
bc.895,ymwwmmymyh,1.85,4
bc.896,ymwmmhwmhw,1.85,4
bc.897,ymhwhwyyhy,1.85,4
bc.898,ymhmhyhwyy,1.85,4
bc.899,ymhywwhyyh,1.85,4
bc.900,ymyhwyyhmh,1.85,4
bc.901,yyhwwmhhww,1.85,4
bc.902,yyhwwyyhhm,1.85,4
bc.903,yyhmwmymwy,1.85,4
bc.904,wwhwwmwhmy,1.76,4
bc.905,wwhwwmmywh,1.76,4
bc.906,wwhwwyhwmm,1.76,4
bc.907,wwhwmwwymh,1.76,4
bc.908,wwhwmmhwwy,1.76,4
bc.909,wwywhmwwhm,1.76,4
bc.910,wwyhhmhyhh,1.76,4
bc.911,wwymwwhwhm,1.76,4
bc.912,whwwmwwhym,1.76,4
bc.913,whwhwmymww,1.76,4
bc.914,whmwwymwhw,1.76,4
bc.915,wwmwhhwymw,1.76,4
bc.916,wwmwmwywhh,1.76,4
bc.917,wwmhywwmwh,1.76,4
bc.918,wmwwhwmhyw,1.76,4
bc.919,wmwwmhwwyh,1.76,4
bc.920,whymhhwhyh,1.76,4
bc.921,wmhhwmwwyw,1.76,4
bc.922,wymmwmhymm,1.76,4
bc.923,wymmymwmhm,1.76,4
bc.924,hwwhmwmwyw,1.76,4
bc.925,hwwmwwmhwy,1.76,4
bc.926,hhmwyhhwhy,1.76,4
bc.927,hhmhwhyhwy,1.76,4
bc.928,hhwwyhyhmh,1.76,4
bc.929,hhwhymywhh,1.76,4
bc.930,hmmwmwyymm,1.76,4
bc.931,hwhwymhyhh,1.76,4
bc.932,hymmwmmwmy,1.76,4
bc.933,hyywymyymh,1.76,4
bc.934,hyymmwyhyy,1.76,4
bc.935,mwyhhwwmww,1.76,4
bc.936,mwyymyhhyy,1.76,4
bc.937,mhwmwwyhww,1.76,4
bc.938,hyhhywwhhm,1.76,4
bc.939,mwhmyymmwm,1.76,4
bc.940,mmwwhmmyym,1.76,4
bc.941,myymhmwwmm,1.76,4
bc.942,mywmhmymwm,1.76,4
bc.943,ywhywhhmhh,1.76,4
bc.944,yhwhhmhhyw,1.76,4
bc.945,yhwhmhhwhy,1.76,4
bc.946,yhhwmhhwyh,1.76,4
bc.947,yymyhymwyh,1.76,4
bc.948,yywyhmhmyy,1.76,4
